ID_INSTITUTO,NOMBRE,DIRECCION,CODPOSTAL,ID_PAQUETE
1,Antonio Relaño,"C/ Balsillas, 36",4520,1
2,San Fernando,"C/ Tarrasa, 20",4770,2
3,Abdera,"C/ Marisma, 6",4770,3
4,Gaviota,"C/ Estero, 4",4770,1
5,Ciudad de Almería,"C/ Padre Méndez, 46",4006,2
6,Velázquez,"C/ Buenavista, s/n",4800,3
7,Virgen del Saliente,"Pago Aljara, s/n",4800,1
8,Cardenal Cisneros,"Avda. de América, s/n",4800,2
9,Las Marinas,"C/ Coimbra, 1",4740,3
10,Juan XXIII,"C/ Calvario, 1",4567,1
11,Inmaculada Concepción,"C/ Alcalde Juan Martínez Rodríguez, s/n",4400,2
12,La Milagrosa,"C/ Alcalde Muñoz, 18",4004,3
13,Divina Infantita,"C/ Calzada de Castro, 56",4006,1
14,Nuestra Señora de Fátima,"C/ Briviesca, 1",4007,2
15,El Arcángel,"C/ Hermanos Pinzón, 61",4005,3
16,Stella Maris,"Avda. Federico García Lorca, 22",4004,1
17,María Inmaculada,"C/ Infanta, 2",4001,2
18,Compañía de María,"Rbla. Obispo Orbera, 35",4001,3
19,San Francisco,"Plaza Inmaculada, 1",4003,1
20,Amor de Dios,"C/ Cordoneros, 22",4002,2
21,Nuestra Señora del Milagro,"Plaza Virgen del Mar, 2",4002,3
22,Virgen del Mar,"Avda. Mediterráneo, 73. Ciudad Jardín",4007,1
23,Alhamilla,"Avda. Federico García Lorca, 130",4005,2
24,Europa José Ramos Santander,"Avda. Madre María Aznar, 272",4009,3
25,Lope de Vega,"C/ Chile, 42",4007,1
26,La Salle-Chocillas,"Ctra. Alhadra, 205",4009,2
27,Juan Pablo II Mater Asunta,"Paseo San Luis, 6",4002,3
28,Freinet,"Ctra. de Ronda, 100",4006,1
29,Nicolás Salmerón Alonso,"C/ Celia Viñas, s/n",4007,2
30,Celia Viñas,"C/ Javier Sanz, 15",4004,3
31,Alhadra,"C/ de los Colegios, 7",4009,1
32,San Ildefonso,"Ctra. Prolongación C/ Santiago, s/n",4009,2
33,Los Ángeles,"C/ Maestría, 2",4008,3
34,La Salle-Virgen del Mar,"Avda. Federico García Lorca, 60",4005,1
35,Mar de Alborán,"Avda. Padre Méndez, s/n",4006,2
36,Luis Siret,"Avda. Santa Isabel, 29",4005,3
37,Los Millares,"Finca Santa Isabel, s/n",4008,1
38,San Bernardo,"Ctra. de Níjar, s/n",4130,2
39,San Indalecio,"Cmo. Playa, 17",4120,3
40,Mediterráneo,"Ctra. AL-153, Km 1¿5",4630,1
41,San Tesifón,"Ctra. de Turón, s/n",4760,2
42,Sierra de Gádor,"C/ Ramón y Cajal, 1",4760,3
43,Valle del Almanzora,"Avda. España, 33",4850,1
44,Simón Fuentes,"Avda. Joan Manuel Serrat, 149",4140,2
45,Jaroso,"Avda. Carlos Herrera, 25",4610,3
46,Alarcón Fernández de Arellano,"Avda. Andalucía, 7",4617,1
47,Santa María del Águila,"C/ Manuel de Falla, 7",4710,2
48,Santiago Ramón y Cajal,"C/ Príncipes de España, 15",4700,3
49,Diego Velázquez,"Avda. Príncipes de España, 13",4700,1
50,Loma de Santo Domingo,"C/ Alonso Ojeda, 19",4700,2
51,José Salazar,"C/ Venezuela, 1. Aptdo. correos 10",4700,3
52,Divina Infantita,"Plaza Párroco José Jiménez, 16",4700,1
53,Santo Domingo,"Avda. Oasis, 135",4700,2
54,Sierra Nevada,"Avda. Juan Aparicio, 3",4500,3
55,Virgen del Río,"Avda. Guillermo Reyna, s/n",4600,1
56,Cura Valera,"Avda. Guillermo Reyna, 35",4600,2
57,Ntra. Sra. del Rosario,"Avda. Andalucía, 2",4867,3
58,Juan Rubio Ortiz,"Avda. de Andalucía, 10",4867,1
59,Ntra. Sra. de la Cabeza,"C/ Mártires de Turón, s/n",4838,2
60,Concordia,"C/ Itálica, s/n",4110,3
61,Antonio Relaño,"C/ Ramón y Cajal, 35",4860,1
62,Antonio Devalque,"Plaza Ocho de Marzo, s/n",4260,2
63,Las Marinas,"C/ Bartolomé de las Casas, 1",4740,3
64,Virgen del Rosario,"C/ Magisterio, 7",4740,1
65,Miguel Zubeldia,"C/ Carretera, s/n",4890,2
66,Nuestra Señora de Monteagud,"C/ Camposanto, s/n",4279,3
67,Torrequebrada,"C/ Costa Brava, s/n. Torrequebrada",4721,1
68,Reyes Católicos,"Plaza de la Constitución, s/n",4620,2
69,Alyanub,"C/ Mayor, 58",4620,3
70,Joaquín Visiedo,"C/ Antonio Machado, s/n, esq. c/ Rodríguez de la Fuente, s/n",4240,1
71,Torremar,"Avda. del Toyo, 225. El Toyo",4130,2
72,Ferrer Guardia,"Otros DS El Charco.Llanos de la Cañada, s/n",4120,3
73,Las Salinas,"C/ Badajoz, s/n",4740,1
74,Al-Ándalus,"Paseo de la Caridad, 125. Finca Santa Isabel",4008,2
75,San Luis,"C/ De los Colegios, 12",4009,3
76,Alborán - Manuel Cáliz,"Avda. Padre Méndez, 30",4006,1
77,El Argar,"Paseo de la Caridad, 125",4008,2
78,Murgi,"Avda. Príncipes de España, 17",4700,3
79,Indalo,"C/ Granada, 249",4008,1
80,Sabinar,"C/ Pío Baroja, s/n",4740,2
81,El Palmeral,"C/ Hemano Lázaro, s/n",4620,3
82,Madre de la Luz,"C/ Calzada de Castro, 3",4006,1
83,Padre Méndez,"Avda. Padre Méndez, 29",4006,2
84,Príncipe Felipe,"C/ Arco, 98",4600,3
85,Ángel de Haro,"Avda. de Andalucía, s/n",4620,1
86,Ntra. Sra. de la Merced,"Avda. Guadalquivir, 75",4738,2
87,Nuestra Señora de Gádor,"C/ Santuario Ntra. Sra. de Gádor, s/n",4760,3
88,Martín García Ramos,"Ctra. de la Estación, 8",4800,1
89,Federico García Lorca,"C/ Goya, 2",4140,2
90,Gabriela Mistral,"C/ Octavio Augusto, 11",4700,3
91,Al-Bujaira,"Avda. Guillermo Reyna, 37",4600,1
92,Pedro Mena,"C/ Academia, 2",4770,2
93,Ángel Frigola,"C/ Rosaleda,19",4745,3
94,Valle de Andarax,"C/ Olivares, s/n",4450,1
95,Encarnación Asensio Granados,"C/ Hermanos Machado, s/n",4610,2
96,Arco Iris,"C/ Celindo, 68",4720,3
97,San Vicente,"Brr. San Vicente, 32",4130,1
98,Adela Díaz,"C/ Padre Méndez, s/n",4006,2
99,Ciudad de Almería,"C/ Padre Méndez, 40",4006,3
100,Al-Bayyana,"C/ Vilanova i la Geltrú, 7",4740,1
101,Albaida,"Ctra. de Níjar, s/n. Bda. Los Molinos",4009,2
102,Mar Mediterráneo,"C/ Parcela 4-Sector 4º, junto a Palacios de Congresos",4720,3
103,Nueva Almería,"C/ Camino de Jaul, esquina Fernando Fernán Gómez",4007,1
104,Laimún,"Paseo de las Mimosas, 54",4700,2
105,Saint Sylvain D'Anjou,"Avda. Pintor Ginés Parra, s/n",4738,3
106,Los Cuatro Caños,"C/ Miguel de Cervantes Saavedra, s/n",4620,1
107,Virgilio Valdivia,"C/ Gran Canaria, s/n",4720,2
108,Ginés Morata,"C/ Sahara, 137",4009,3
109,Luz del Mar,"Avda. de la Luz, s/n",4700,1
110,Almerimar,"C/ La Sal, esquina c/ Mascarón",4711,2
111,La Molina,"C/ Camino del Puerto, 19.",4740,3
112,Juan Sebastián Elcano,"C/ Juan Sebastián Elcano, s/n",4117,1
113,José Saramago,"C/ Gran Vía Marqués de Casablanca, 103",4738,2
114,Gabriel Cara,"C/ Cerro Muriano, 1",4740,3
115,Valdeserra,"Avda. Alhambra, 2. Ctra. de Vera a Garrucha",4621,1
116,Posidonia,"Avda. Polonia, s/n.",4740,2
117,Retamar,"Paseo del Toyo, s/n",4131,3
118,Campomar,"C/ Juan de Austria, 44",4720,1
119,del I.E.S. Carmen de Burgos,"C/ Río Duero, Nº1",4230,2
120,del I.E.S. Turaniana,C/ Dinamarca S/N,4740,3
121,,"C/ Pintor Velázquez, s/n",4240,1
122,del I.E.S. Las Marinas,"C/ Cerro Muriano, Nº1",4740,2
123,Profesor Tierno Galván,"C/ Alondra, s/n. Bda. San Francisco",4694,3
124,Ciavieja,"C/ Octavio Augusto, 22",4700,1
125,Blas Infante,"C/ Jairán, 1",4720,2
126,Blas Infante,"Cmo. de los Metaleros, s/n",4738,3
127,Federico García Lorca,"Avda. Federico García Lorca, 110",4738,1
128,Abdera,"Cañ. de los Gallos, s/n",4770,2
129,Ex Mari Orta,"Avda. Vista Alegre, s/n",4630,3
130,Rafael Alberti,"C/ Marina, s/n",4007,1
131,10 de abril,"C/ Epifanio Lupión, s/n",4745,2
132,Saladares,"Ctra. de Alicún, Km. 10,03. (Aptdo. de correos 357, C.P. 04080)",4740,3
133,Turaniana,"Avda. de los Estudiantes, 86",4740,1
134,Juan Goytisolo,"C/ Joan Manuel Serrat, s/n",4140,2
135,Sol de Portocarrero,"Ctra. de Níjar, Km 7",4120,3
136,Campos de Níjar,"C/ Camino del Calvo, 43",4110,1
137,La Puebla,"Plaza Platón, 5",4738,2
138,Bahía de Almería,"C/ Luis Vives, s/n",4006,3
139,Aguadulce,"C/ Alhambra, 11",4720,1
140,Fuente Nueva,"Avda. Príncipes de España, 115",4700,2
141,Mar Serena,"C/ Emilio Zurano, 22",4640,3
142,La Mojonera,"Cmo. Cuesta Blanca, s/n",4745,1
143,Altaduna,"Ctra. de Alicún Km. 8 ( Apartado de correos 356, C.P. 04080)",4740,2
144,Manuel de Góngora,"Avda. Acacias, 9",4200,3
145,Azcona,"C/ Policia José Rueda Alcaraz, 1",4006,1
146,Maestro Padilla,"Avda. del Mediterráneo, 53",4007,2
147,Pablo Ruiz Picasso,"C/ Loma de la Mezquita, 170",4700,3
148,José Marín,"C/ Dolores R. Sopeña, 1",4820,1
149,El Alquián,"Ctra. de Níjar, s/n",4130,2
150,Mar Azul,"Ctra. de Guardias Viejas, s/n",4712,3
151,Aurantia,Ctra. Nacional 340,4410,1
152,Carmen de Burgos,"C/ Maestra Doña Paquita, 2",4230,2
153,Emilio Manzano,"Ctra. Laujar Orgiva, km.1",4470,3
154,Entresierras,"Cmo. Verde, s/n",4870,1
155,Villa de Vícar,"Avda. Pintor Cristóbal González Soto, 2",4738,2
156,Torreserena,"Avda. 11 de marzo, s/n",4240,3
157,Algazul,"C/ Santa Isabel, 29",4740,1
158,Carlos III,"Ctra. de los Motores, s/n. Bda. La Gloria",4720,2
159,Santa María del Águila,"C/ Lisboa, s/n",4710,3
160,Juan Armario,"Avda. San Antonio, s/n",11180,1
161,Escuelas Profesionales de la Sagrada Familia,"C/ Sánchez Aguayo, 2",11180,2
162,"Jesús, María y José","C/ Ángel de Viera, 1",11180,3
163,Alfonso XI,"Paseo Adaja, s/n. Bda. Piñera y Guadalmina",11206,1
164,General Castaños,"Avda. Virgen de Europa, 2",11201,2
165,Sancti Petri,"C/ Mistral, s/n",11130,3
166,Virgen del Mar,"C/ Manuel de Falla, s/n",11204,1
167,Maestro Isidoro Visuara,"C/ San José, 6 y San Francisco, 14",11203,2
168,La Inmaculada,C/ Misioneras Concepcionistas s/n,11205,3
169,Bahía de Algeciras,"Avda. Holanda, s/n",11205,1
170,Huerta de la Cruz,"C/ San Vicente de Paúl, 7",11203,2
171,María Auxiliadora,"Avda. María Auxiliadora, 19",11203,3
172,Carlos Cano,"Avda. Carlos Cano, s/n",11370,1
173,San José Virgen de la Palma,"C/ San Nicolás, 4",11207,2
174,Los Pinos,"C/ Tamarindo, s/n.",11205,3
175,Kursaal,"Avda. Virgen de Europa, 4",11201,1
176,Ventura Morón,"Plaza Joaquín Ibáñez, 3",11203,2
177,Ntra. Sra. de Europa,"C/ Maestro Luis Cano Toba, s/n. Los Pastores",11206,3
178,Nuestra Señora de los Milagros,"Avda. de la Diputación, 93",11205,1
179,Alminares,"Avda. de la Constitución, s/n",11630,2
180,Juan XXIII,"C/ Tierno Galván, 10",11160,3
181,Maestra Áurea López,"C/ Antonio Pedrosa, 34",11160,1
182,Trafalgar,"C/ Madrid, 4",11160,2
183,Miguel de Cervantes,"C/ Cervantes, 12",11393,3
184,Reyes Católicos,"Avda. Ana de Viya, 36",11009,1
185,La Inmaculada,"Otros Fuerte Cortadura, s/n",11011,2
186,Carola Ribed,"Avda. de la Constitución de 1812, s/n",11008,3
187,San Felipe Neri,"Avda. Andalucía, 82",11008,1
188,Argantonio,"C/ 24 de Julio, 6-10",11007,2
189,María Auxiliadora,"Avda. Andalucía, 70",11008,3
190,El Santiscal,Avda. del Corregidor s/n. Urb. Santiscal,11630,1
191,San Francisco de Asís,"C/ Trille, 13",11009,2
192,Amor de Dios,"Avda. Marconi, 9",11010,3
193,San Ignacio,"Avda. María Auxiliadora, 7",11009,1
194,Esclavas (S.C.J.),"Avda. Andalucía, 50",11008,2
195,San Vicente de Paúl,"C/ Granja de San Ildefonso, 8",11007,3
196,La Salle-Mirandilla,"C/ San Juan Bautista de la Salle, 3",11002,1
197,José Celestino Mutis,"C/ República El Salvador, s/n",11004,2
198,Adolfo de Castro,"C/ Guadalmesi, s/n",11012,3
199,Rafael Alberti,"C/ Amiel, s/n",11012,1
200,Fernando Savater,"C/ Parque Torcal de Antequera, s/n. Bda. Nazaret",11406,2
201,Ntra. Sra. de los Remedios,"C/ Carabela Santa María, s/n",11130,3
202,Niño Jesús,"C/ Corredera Alta, 22",11130,1
203,La Salle San José,C/ Hormaza 26,11130,2
204,Isabel la Católica,"C/ Jardines, s/n",11130,3
205,Poeta García Gutiérrez,"C/ Santa Ana, s/n",11130,1
206,Serafina Andrades,"Callej de Palmaretes, 17",11130,2
207,Virgen de Regla,"Avda. de Huelva, 9",11550,3
208,Sagrado Corazón de Jesús,"C/ Ventura Misa, 20",11401,1
209,San José,"C/ Porvera, 21",11403,2
210,María Auxiliadora,"Avda. María Auxiliadora, 14",11407,3
211,Nuestra Señora del Pilar,"Avda. Marianista, 1",11407,1
212,Jesús María-El Cuco,"C/ Marqués de Bonanza, 19",11407,2
213,Alfonso X El Sabio,"Bda. Sagrada Familia, s/n",11404,3
214,Madre de Dios,"C/ Cañameros, 15",11401,1
215,Montaigne,"C/ Compañía de María, 1",11402,2
216,Andrés de Ribera,"C/ California, s/n",11407,3
217,Vallesequillo,"Bda. Vallesequillo, s/n",11401,1
218,Alvar Núñez,"C/ Sancho Dávila, s/n",11407,2
219,Manuel Lora Tamayo,"Avda. San Juan Bosco, 6",11408,3
220,San Rafael y San Vicente,"C/ San Juan Bosco, 9",11580,1
221,Velada,"Paseo de la Velada, s/n",11300,2
222,Inmaculada Concepción,"Avda. España, 11",11300,3
223,San Juan Bosco,"Avda. Menéndez y Pelayo, 5",11300,1
224,Tolosa,"Avda. de la Banqueta, 12",11300,2
225,Mediterráneo,"Avda. María Auxiliadora, 16",11300,3
226,Virgen de la Esperanza,"Avda. La Banqueta, 10-12",11300,1
227,Mar de Poniente,"Avda. del Mar, s/n",11300,2
228,Santiago El Mayor,"C/ Doctor Fléming, s/n",11170,3
229,Sidón,"Avda. Azocarrem, s/n",11170,1
230,Pablo de Olavide,"C/ Gutiérrez Piñeres, s/n",11660,2
231,Caepionis,"Avda. Doctor Félix Rodríguez de la Fuente, s/n",11550,3
232,Juan Sebastián Elcano,"C/ Rías Bajas, s/n",11100,1
233,Luisa de Marillac,"C/ Maestro Juan Pinto, 8",11500,2
234,La Salle-Santa Natalia,"C/ La Rosa, 6",11500,3
235,Escuelas Profesionales de la Sagrada Familia-San Luis,"Avda. San Luis Gonzaga, 1",11500,1
236,Nuestra Señora de Lourdes,"C/ Misericordia, 16",11500,2
237,Pedro Muñoz Seca,"Avda. de la Estación, s/n",11500,3
238,Guadalete,"C/ Ubrique, 36",11500,1
239,Grazalema,"C/ Caracola, 2. Urb. Valdelagrana",11500,2
240,Cornelio Balbo,"C/ Nuevo Mundo, s/n",11004,3
241,Bahía,"C/ San Fernando, 13-15",11510,1
242,La Salle Buen Consejo,"C/ Teresa de Calcuta, 70",11510,2
243,Juan Pablo II-Santo Ángel,"C/ Santo Domingo, 38",11510,3
244,Reggio,"C/ Virgen del Carmen, s/n",11510,1
245,Manuel de Falla,"Avda. Palestina, s/n",11510,2
246,Virgen del Carmen,"Paseo María Auxiliadora, s/n",11510,3
247,San José de Calasanz,"C/ Inmaculada Concepción, 6",11520,1
248,Nuestra Señora del Perpetuo Socorro,"Avda. Príncipes de España, 122",11520,2
249,Castillo de Luna,"C/ Navalcán, s/n",11520,3
250,Cecilio Pujazón,"C/ Felipe II, s/n. Bda. Carlos III",11100,1
251,Nuestra Señora del Carmen,"C/ Colón, 37",11100,2
252,Liceo Sagrado Corazón,"C/ Real, 225",11100,3
253,Miramar,"C/ Real, 118",11100,1
254,La Salle-El Carmen,"C/ Real, 129",11100,2
255,Compañía de María,"C/ Real, 142",11100,3
256,Almirante Laulhe,"C/ General García de la Herranz, 24",11100,1
257,Isla de León,"Ctra. Carraca, s/n",11100,2
258,Wenceslao Benítez,"Avda. de la Armada, s/n. Apto. correos 141",11100,3
259,Juan Díaz de Solís,"Avda. de la Armada, s/n. Población Militar de San Carlos",11100,1
260,Vicente Tofiño,"Ctra. de la Carraca, s/n",11100,2
261,Virgen de la Caridad,"C/ Manuel Barbadillo, s/n",11540,3
262,Divina Pastora,"C/ Carril de San Diego, 71",11540,1
263,Guadalquivir,"Avda. de las Piletas, 87",11540,2
264,Princesa Sofía,"C/ Pío XII, 1",11540,3
265,Santa María Coronada,"Avda. Velázquez, s/n",11360,1
266,José Cadalso,"Avda. Castiella, s/n",11360,2
267,Virgen del Carmen,"Urb. El Almendral, s/n",11692,3
268,Guzmán El Bueno,"C/ Regimiento de Infantería ""Álava 22"", s/n",11380,1
269,Sagrado Corazón de Jesús,"Avda. Miguel Reguera, 3",11600,2
270,Benafelix,"Avda. Juan de la Rosa, s/n",11600,3
271,Escuelas Profesionales de la Sagrada Familia-Nuestra Señora del Buen Consejo de Las Lomas,"Finca las Lomas, s/n",11150,1
272,Elio Antonio de Nebrija,"Plaza de Andalucía, s/n",11650,2
273,Vicenta Tarín,"Avda. de la Paz, 2. Bda. de la Paz",11630,3
274,Fuerte de Cortadura,"C/ Vía Augusta Julia, s/n",11011,1
275,Pozo Nuevo,"Avda. Príncipes de España, 178",11520,2
276,Costa Oeste,"C/ Mar de Groenlandia, s/n",11500,3
277,Camposoto,"C/ González de la Torre, s/n",11100,1
278,Zaframagón,"Avda. Manuel de Falla, s/n",11690,2
279,Ntra. Sra. de los Remedios,"Avda. Herrera Oria, s/n",11600,3
280,Las Cumbres,"C/ Las Cumbres, s/n. Apdo. 38",11600,1
281,Al-Ándalus,"C/ La Vid, 7",11130,2
282,Maestro Manuel Aparcero,"Avda. Granada, 3",11550,3
283,Tartessos,"Pago Valdetoro, s/n",11406,1
284,Antonio Machado,"Avda. San Joaquín, s/n",11407,2
285,Manuel de Falla,"C/ Ntra. Sra. de Montserrat, s/n. Bda. Asunción",11406,3
286,Andalucía,"C/ Sevilla, 1. Bda. El Junquillo",11300,1
287,El Rocío,"C/ Rocío, s/n. Bda. El Junquillo",11300,2
288,Montecalpe,"C/ Carpa, s/n. Urb. San García",11207,3
289,Puerto Blanco,"C/ Goleta, s/n. Urbanización San García",11207,1
290,Profesor Juan Carlos Aragón,"C/ Barbate, s/n. Bda. La Paz",11012,2
291,Asta Regia,"Avda. Moreno Mendoza, 4",11408,3
292,Pinar Hondo,"Avda. de la Libertad, 17",11500,1
293,Santiago,"C/ Jardines, 43",11300,2
294,Gibraltar,"C/ Gibraltar, 108",11300,3
295,Gadir,"Avda. de la Bahía, 27",11012,1
296,El Trocadero,"C/ La Caña, 9",11510,2
297,Arroyo Hondo,"C/ Maestro Manuel J. Casal Egea, 2",11520,3
298,Castillo de Matrera,"C/ Sevilla, 16",11650,1
299,La Unión,"C/ Antonio Machado, s/n. Bda. La Unión",11407,2
300,Pablo Ruiz Picasso,"Avda. de la Diputación, s/n",11130,3
301,San Ramón Nonato,"Avda. Doña Rosa García López-Cepero, s/n",11370,1
302,Carlos Castilla del Pino,"Avda. Castiella, 5",11360,2
303,El Castillo,C/ El Castillo s/n.,11130,3
304,Maestro Juan Apresa,"Avda. Constitución, 1",11630,1
305,Arquitecto Leoz,"C/ Algodonales, s/n",11510,2
306,Fernando Gavilán,"Avda. Herrera Oria, s/n",11600,3
307,Blas Infante,"C/ Parque Doñana, 1",11406,1
308,Tierra y Libertad,"C/ Tierra y Libertad, 10",11510,2
309,Sancti Petri,"Polígo La Magdalena, s/n",11100,3
310,Ciudad de Jerez,"C/ Mandarina, s/n. Bda.Pago San José",11406,1
311,La Alcazaba,"C/ Almería, s/n. Bda. La Granja",11405,2
312,Riofrío,"C/ Infante D. Juan Manuel, s/n",11630,3
313,Saladillo,"C/ Duque de Rivas, s/n",11207,1
314,José M. Caballero Bonald,"C/ Ntra. Sra. del Traspaso, s/n",11406,2
315,Andrés Benítez,"C/ Doctor Fléming, s/n. Polígono de San Benito",11407,3
316,Casa de la Virgen,"C/ Almadraba, 4",11379,1
317,Elvira Lindo,"C/ Vejer, s/n",11510,2
318,La Constitución,"Avda. La Constitución de 1978, s/n",11100,3
319,Los Arcos,"Cañ. Los Tomates, 1. Bda. El Cobre",11206,1
320,Campoameno,"Plaza Modesto Gómez, 8",11630,2
321,Profesor Tierno Galván,"Callej de la Pedrera Blanca, s/n",11130,3
322,La Gaviota,"C/ Rafael Alberti, s/n",11500,1
323,Montealegre,"C/ Mallorca, s/n",11406,2
324,Puente Zuazo,"C/ Gonzalo de Córdoba, 4",11100,3
325,Campo de Gibraltar,"Avda. de la Caña, 24 y 26",11203,1
326,Campiña de Tarifa,"C/ Real, s/n",11392,2
327,Príncipe Felipe,"C/ Grazalema, 2",11550,3
328,El Mayorazgo,"Avda. Mayorazgo, s/n",11130,1
329,Nuestra Señora de Lourdes,"C/ Nueva de Puntales, 1",11011,2
330,Las Nieves,"C/ Barquisimeto, 2",11500,3
331,Maestro Apolinar,"C/ Cayo Antonio Prieto, s/n",11360,1
332,Las Dunas,"C/ Aitana, s/n",11500,2
333,La Dehesilla,"C/ Lentisco, s/n",11540,3
334,Laude El Altillo School,"C/ Santiago de Chile, s/n",11407,1
335,Huerta del Rosario,"Callej de los Frailes, s/n",11130,2
336,La Bahía,"Avda. Constitución, s/n",11100,3
337,Santa Isabel de Hungría,"C/ La Merced, 40",11404,1
338,Drago,"C/ Marianista Cubillo, 15",11008,2
339,Pedro Sáinz de Andino,"Paseo de la Playa, 19",11180,3
340,Ciudad de Hércules,"C/ Cuba, 2",11130,1
341,Profesor Antonio Muro,"C/ Séneca, s/n",11510,2
342,José Luis Tejada Peluffo,"Avda. Guardia Civil, 1",11500,3
343,Carlos III,"C/ Casimiro de Angulo, 19",11660,1
344,Sierra Luna,"Avda. de Doña Rosa García, 8",11370,2
345,Almadraba,"C/ Diego Piñero Moreno, 1",11380,3
346,Pintor Juan Lara,"Cmo. del Águila, 6",11500,1
347,Juan Sebastián Elcano,"Plaza Escritor Eduardo Mendicuti, s/n",11540,2
348,San Severiano,"Avda. San Severiano, 8",11007,3
349,La Jarcia,"C/ Ribera del Muelle, s/n",11510,1
350,Seritium,"Avda. Amsterdam, s/n",11406,2
351,La Salle-Viña,C/ Martínez Campos 4,11002,3
352,La Arboleda,"Avda. Padre Ellacuría, 13",11500,1
353,Las Banderas,"Ctra. Sanlúcar, Km. 2,5",11500,2
354,Maestro Francisco Fatou,"C/ Menéndez Pidal, 1",11600,3
355,Botánico,"Avda. Pozo de las Vacas, s/n. Finca El Jardín Botánico",11540,1
356,La Pedrera Blanca,"Callej de la Pedrera, s/n",11130,2
357,Guadalpeña,"C/ Francia, s/n",11630,3
358,Vicente Aleixandre,"Bda. El Pinar, s/n",11160,1
359,Villa de Setenil,"C/ María Zambrano, 2",11692,2
360,Federico García Lorca,"C/ Fernando de Herrera, s/n",11207,3
361,San Telmo,"Bda. San Telmo, s/n",11408,1
362,Sofía,"C/ Doctor Marañón, 13",11407,2
363,Antonio Machado,"C/ Blanca de los Ríos, 87",11300,3
364,San Lucas,"Avda. Bajo de Guía, 2",11540,1
365,Profesor Andrés Bojollo,"Avda. de Europa, s/n",14500,2
366,Fray Albino,"C/ Fray Albino, 2",14439,3
367,Doña María Coronel,"C/ El Tejar, 14",14920,1
368,Carmen Romero,"Ctra. Puente Genil, s/n",14920,2
369,Jesús Nazareno,"C/ Moralejo, 19",14920,3
370,Rodríguez Vega,"Paseo de Las Moreras, s/n",14812,1
371,El Tablerillo,"Ctra. de Las Ermtas, 48",14012,2
372,Ntra. Sra. de Gracia y San Francisco Solano,"C/ Maestro Amalio Labajo, 1",14720,3
373,El Sauce,"C/ Punta del Sauce, 4",14100,1
374,Clara Campoamor,"C/ Jaén, 6",14900,2
375,Escuelas Profesionales de la Sagrada Familia,"Avda. Padre Villoslada, 22",14850,3
376,Valverde y Perales,"C/ Antonio Machado, 7",14850,1
377,Espíritu Santo,"C/ Fernández de Córdoba, 12",14850,2
378,Escuelas Profesionales de la Sagrada Familia -La Milagrosa,"C/ Santa Marina, 1",14850,3
379,Luis Carrillo de Sotomayor,"Avda. San Carlos de Chile, s/n",14850,1
380,Dionisio Alcalá Galiano,"C/ Escultor Antonio Maiz Castro, s/n",14940,2
381,Inmaculada del Voto,"C/ Maestro Jesús Jiménez, 2",14650,3
382,La Milagrosa,"Plaza de Santa Ana, 1",14650,1
383,El Tablero,"Avda. de la Arruzafilla, s/n",14011,2
384,Juan Valera,"C/ Mío Cid, 1",14940,3
385,Ntra. Sra. de la Sierra,"Avda. González de Meneses, 1",14940,1
386,Felipe Solís Villechenous,"Avda. Fuente del Río, 15",14940,2
387,Aguilar y Eslava,"Plaza de Aguilar y Eslava, s/n",14940,3
388,Virgen del Castillo,"Avda. de la Constitución, 6",14810,1
389,Carlos III,"C/ Académico Luis Mapelli, 12",14100,2
390,Virgen de la Salud,"Paseo de la Salud, 18",14840,3
391,Almedina,"Ctra. de las Ermitas, s/n",14012,1
392,La Aduana,"Ctra. de Villaviciosa, Km.7",14012,2
393,Caballeros de Santiago,"Plaza de Valdelagrana, 3",14002,3
394,Colón,"Plaza de Colón, s/n",14001,1
395,López Diéguez,"C/ Arroyo de San Andrés, 2",14001,2
396,Tirso de Molina,"Avda. del Mediterráneo, s/n",14011,3
397,Alcalde Jiménez Ruiz,"C/ Miguel Ángel Orti Belmonte, 2",14010,1
398,Salvador Vinuesa,"C/ Periodista Quesada Chacón, 65",14005,2
399,Juan de Mena,"Avda. Carlos III, s/n",14014,3
400,Al-Ándalus,"C/ Vicente Aleixandre, s/n",14004,1
401,Alcalde Pedro Barbudo,"Avda. Virgen de Linares, 2",14007,2
402,Cronista Rey Díaz,"C/ Cronista Rey Díaz, 4",14006,3
403,San Lorenzo,"C/ Muñices, 12",14002,1
404,Ipagro,"C/ Padre Oblatos, s/n",14920,2
405,Ahlzahir,"C/ Poeta Valdelomar Pineda, 17",14012,3
406,Bética-Mudarra,"C/ Vandalino, 6",14012,1
407,Calasancio,"C/ Madres Escolapias, 90",14012,2
408,Cervantes,"Avda. de la Fuensanta, 37",14010,3
409,Córdoba Cooperativa de Enseñanza,"C/ Úbeda, 4",14013,1
410,Divina Pastora,"C/ Conde de Torres Cabrera, 15",14001,2
411,Ferroviario,"Plaza de Colón, s/n",14001,3
412,Fray Albino,"C/ Doña Aldonza, 2",14009,1
413,Reales Escuelas Pías de la Inmaculada Concepción y San Francisco Javier,"Plaza de la Compañía, 6",14002,2
414,Jesús Nazareno,"C/ Jesús Nazareno, 4",14001,3
415,La Milagrosa,"C/ Conde de Gondomar, 4",14003,1
416,Nuestra Señora de las Mercedes,"C/ Doña Aldonza, 6",14009,2
417,Nuestra Señora de la Piedad,"Plaza de las Cañas, 3",14002,3
418,Sagrada Familia,"Plaza de Aguayos , 3",14002,1
419,Sagrado Corazón,"Plaza de San Juan, 2",14003,2
420,La Salle,"C/ San Juan Bautista de la Salle, 7",14012,3
421,San Acisclo y Santa Victoria,"C/ Téllez de Meneses, s/n",14012,1
422,San Francisco de Sales,"C/ Santo Domingo Savio, 2",14002,2
423,San Rafael,"C/ Peñas Cordobesas, 2",14010,3
424,Santa María de Guadalupe,"Avda. del 28 de Febrero, 5",14007,1
425,Santa Victoria,"C/ Santa Victoria, 1",14003,2
426,Séneca,"C/ Escritor Almeida Garret, 1",14014,3
427,Virgen del Carmen,"C/ Alonso el Sabio, 14",14001,1
428,Santa Victoria 2,"C/ Párroco Agustín Molina, 24",14012,2
429,Maimónides,"C/ Alfonso XIII, 4",14001,3
430,Luis de Góngora,"C/ Diego de León, 2",14002,1
431,Séneca,"Avda. Menéndez Pidal, s/n",14004,2
432,López Neyra,"Avda. del Mediterráneo, s/n",14011,3
433,Santísima Trinidad-Sansueña,"C/ Sansueña, 1",14012,1
434,Santísima Trinidad-Trinitarios,"Plaza Cristo de Gracia, 5",14002,2
435,Cervantes,"C/ Virgen del Pilar, s/n",14830,3
436,Virgen de las Cruces,"C/ Juan Carlos I, s/n",14413,1
437,Inmaculada,"C/ Romero de Torres, 56",14270,2
438,Jerez y Caballero,"Paseo de la Constitución, 14",14270,3
439,Victoria Díez,"C/ Portugal, 1",14740,1
440,Ntra. Sra. de la Piedad,"C/ Calvario, 10",14970,2
441,Barahona de Soto,"C/ Ancha, Nº 50",14900,3
442,Ntra. Sra. de Araceli,"Paseo de Rojas, 2",14900,1
443,Ntra. Sra. del Carmen,"C/ El Carmen, 4",14900,2
444,Marqués de Comares,"C/ Juego de Pelota, 54",14900,3
445,Virgen del Valle,"C/ Corazón de Jesús, s/n",14900,1
446,Ntra. Sra. del Rosario,"C/ Cruz Marbella, s/n",14880,2
447,San Francisco Solano,"C/ Arcipreste Fernández Casado, 3",14550,3
448,San José,"Ronda de Curtidores, 8",14550,1
449,Gran Capitán,"Avda. de la Constitución, s/n",14550,2
450,San Luis y San Ildefonso,"C/ San Luis, 12",14550,3
451,Inca Garcilaso,"Avda. de la Constitución, 14",14550,1
452,Ntra. Sra. del Rosario,"C/ Poeta Manuel Terrín Benavides, s/n.Vaguada de La Paloma",14600,2
453,Santos Isasa,"Plaza Plano de la feria, s/n",14600,3
454,San Luis Rey,"Avda. María Auxiliadora, 2",14700,1
455,San Sebastián,"Ronda del Jardín, s/n",14700,2
456,Inmaculada Concepción,"C/ Madre Carmen, 2",14700,3
457,Antonio Gala,"Avda. de la Paz, s/n",14700,1
458,Alfredo Gil,"Avda. Vista Alegre, s/n",14200,2
459,San José de Calasanz,"Ronda de la Paz, 7",14200,3
460,Alto Guadiato,"Ronda del Guadiato, s/n",14200,1
461,Ntra. Sra. de la Salud,"Plaza Virgen de la Salud, s/n",14730,2
462,Aljanadic,"C/ Almodóvar del Río, s/n",14730,3
463,Ginés de Sepúlveda,"C/ Llanos, s/n",14400,1
464,San José,"Plaza Padres Salesianos, 7",14400,2
465,La Inmaculada,"Plaza de la Iglesia, 6",14400,3
466,Los Pedroches,"C/ Marcos Redondo, s/n",14400,1
467,Niceto Alcalá-Zamora y Torres,"C/ Albaicín, 3",14800,2
468,Camacho Melendo,"C/ Ramón y Cajal, 49",14800,3
469,Cristóbal Luque Onieva,"C/ Haza Luna, s/n",14800,1
470,Sierra de Aras,"C/ María Zambrano, s/n",14900,2
471,Nuestra Señora de las Angustias,"C/ Río, 2",14800,3
472,San José,"C/ Cava, 12",14800,1
473,Fernando III El Santo,"Avda. de España, 83",14800,2
474,Álvarez Cubero,"Avda. Niceto Alcalá-Zamora, s/n",14800,3
475,Ángel Carrillo,"Avda. D.Niceto Alacalá- Zamora , s/n",14800,1
476,José María Pemán,"C/ José María Pemán, s/n",14500,2
477,Miragenil,"C/ Herrera, 13",14500,3
478,Compañía de María,"C/ Susana Benítez, 5-7",14500,1
479,Manuel Reina,"C/ Cristóbal del Castillo, 2",14500,2
480,Profesor Tierno Galván,"C/ Calvario, s/n",14540,3
481,Alfar,"C/ Los Prietos, 50",14540,1
482,Al-Yussana,"C/ Zenobia Camprubí, 1",14900,2
483,Santo Tomás de Aquino,"C/ Enrique Gastardi, s/n",14150,3
484,Poeta Molleja,"C/ Juan Parejo, s/n",14640,1
485,Divina Pastora,"C/ San Roque, 19",14640,2
486,Virgen de Luna,"C/ Pozoblanco, 65",14440,3
487,San Miguel,"C/ San Antonio, 2",14440,1
488,Monte Albo,"C/ Montealbo, 12",14548,2
489,Virgen de la Cabeza,"C/ Virgen de la Cabeza, 60",14800,3
490,El Encinar,"C/ Músico Guerrero, 19",14012,1
491,Vicente Aleixandre,"C/ Conde de la Cortina, 26",14550,2
492,Blas Infante,"Plaza Platero Pedro de Bares, 31 A",14007,3
493,María Moreno,"C/ Angosta, s/n",14440,1
494,El Prado,"Avda. Blas Infante, 1",14900,2
495,Averroes,"C/ La Ladera, 7",14007,3
496,Andalucía,"Avda. de Andalucía, s/n",14730,1
497,Juan de Aréjula,"C/ Montemayor, 11",14900,2
498,Los Ángeles,"C/ Francia, s/n",14015,3
499,Antonio María Calero,"Avda. Marcos Redondo, s/n",14400,1
500,Joaquín Tena Artigas,"Ctra. de Madrid, s/n",14610,2